Name,canonical_smiles
"1',4',6'-3Cl-sucrose",OCC1OC(O[C@]2(CCl)OC(CCl)C(Cl)C2O)C(O)C(O)C1O
"1',4'-2Cl-sucrose",OCC1OC(O[C@]2(CCl)OC(CO)C(Cl)C2O)C(O)C(O)C1O
"1',6'-2Cl-sucrose",OCC1OC(O[C@]2(CCl)OC(CCl)C(O)C2O)C(O)C(O)C1O
1'-Cl-sucrose,OCC1OC(O[C@]2(CCl)OC(CO)C(O)C2O)C(O)C(O)C1O
"4'-Br-4,1',6'-3Cl-sucrose",OCC1OC(O[C@]2(CCl)OC(CCl)C(Br)C2O)C(O)C(O)C1Cl
"4'-F-4,1',6'-3Cl-sucrose",OCC1OC(O[C@]2(CCl)OC(CCl)C(F)C2O)C(O)C(O)C1Cl
"4,1',4',6'-4Br-sucrose",OCC1OC(O[C@]2(CBr)OC(CBr)C(Br)C2O)C(O)C(O)C1Br
"4,1',4',6'-4Cl-sucrose",OCC1OC(O[C@]2(CCl)OC(CCl)C(Cl)C2O)C(O)C(O)C1Cl
"4,1',4'-3Cl-sucrose",OCC1OC(O[C@]2(CCl)OC(CO)C(Cl)C2O)C(O)C(O)C1Cl
"4,1',6'-3Br-sucrose",OCC1OC(O[C@]2(CBr)OC(CBr)C(O)C2O)C(O)C(O)C1Br
"4,1',6'-3Cl-sucrose",OCC1OC(O[C@]2(CCl)OC(CCl)C(O)C2O)C(O)C(O)C1Cl
"4,1',6'-3F-sucrose",OCC1OC(O[C@]2(CF)OC(CF)C(O)C2O)C(O)C(O)C1F
"4,1',6'-3I-sucrose",OCC1OC(O[C@]2(CI)OC(CI)C(O)C2O)C(O)C(O)C1I
"4,1'-2Cl-sucrose",OCC1O[C@@](CCl)(OC2OC(CO)C(Cl)C(O)C2O)C(O)C1O
"4,4',6'-3Cl-sucrose",OCC1OC(O[C@]2(CO)OC(CCl)C(Cl)C2O)C(O)C(O)C1Cl
"4,6,1',6'-4Cl-sucrose",OC1C(O[C@]2(CCl)OC(CCl)C(O)C2O)OC(CCl)C(Cl)C1O
4-Cl-sucrose,OCC1O[C@@](CO)(OC2OC(CO)C(Cl)C(O)C2O)C(O)C1O
"4-F-1',4',6'-3Br-sucrose",OCC1OC(O[C@]2(CBr)OC(CBr)C(Br)C2O)C(O)C(O)C1F
"4-F-1',4',6'-3Cl-sucrose",OCC1OC(O[C@]2(CCl)OC(CCl)C(Cl)C2O)C(O)C(O)C1F
4-O-n-propyl glycosides DHC,CCCOc1ccc(CCC(=O)c2c(O)cc(OC3OC(CO)C(O)C(O)C3O[C@H]3OC(C)C(O)C(O)C3O)cc2O)cc1O
"4?,10?-dimethyl-1,2,3,4,5,10-hexahydrofluorene-4?,6?-dicarboxylic acid",C[C@]1(C(=O)O)CCC[C@@]2(C)c3ccccc3[C@@](O)(C(=O)O)[C@H]12
6'-Cl-sucrose,OCC1OC(O[C@]2(CO)OC(CCl)C(O)C2O)C(O)C(O)C1O
"6,1',6'-3Cl-sucrose",OC1C(CCl)OC(O[C@]2(CCl)OC(CCl)C(O)C2O)C(O)C1O
6-chloro-tryptophan,NC(Cc1c[nH]c2cccc(Cl)c12)C(=O)O
D-tagatose,O=C(CO)C(O)C(O)C(O)CO
DHQ-3-SIFA-4'-methyl ether,COc1ccc(C2Oc3cc(O)cc(O)c3C(=O)C2OC(C)=O)cc1O
liquiritin,O=C1CC(c2ccc(OC3OC(CO)C(O)C(O)C3O)cc2)Oc2cc(O)ccc21
N-Acetyl-D-glucosamine,CC(=O)NC(C=O)C(O)C(O)C(O)CO
Periandrin I,CC1(C)C(O[C@@H]2OC(C(=O)O)C(O)C(O)C2O[C@@H]2OC(C(=O)O)C(O)C(O)C2O)CC[C@@]2(C=O)[C@H]1CC[C@@]1(C)[C@@H]2CC[C@@H]2C3=C[C@@](C)(C(=O)O)CC[C@@]3(C)CC[C@@]21C
Periandrin II,CC1(C)C(O[C@@H]2OC(C(=O)O)C(O)C(O)C2O[C@@H]2OC(C(=O)O)C(O)C(O)C2O)CC[C@@]2(C=O)[C@H]1CC[C@@]1(C)[C@@H]2CC=C2[C@@H]3C[C@@](C)(C(=O)O)CC[C@@]3(C)CC[C@@]21C
Periandrin III,CC1(C)C(OC2OC(C(=O)O)C(O)C(O)C2OC2OC(C(=O)O)C(O)C(O)C2O)CC[C@@]2(CO)C1CC[C@]1(C)C2CCC2C3=C[C@](C)(C(=O)O)CC[C@]3(C)CC[C@@]21C
Periandrin IV,CC1(C)C(OC2OC(C(=O)O)C(O)C(O)C2OC2OC(C(=O)O)C(O)C(O)C2O)CC[C@@]2(CO)C1CC[C@]1(C)C2CC=C2C3C[C@](C)(C(=O)O)CC[C@]3(C)CC[C@@]21C
abrusoside B,COC(=O)C1O[C@H](OC2CC[C@]34C[C@@]35CC[C@@]3(C)[C@@H](C(C)[C@H]6CC=C(C)C(=O)O6)CC[C@@]3(C)[C@H]5CC[C@H]4[C@@]2(C)C(=O)O)C(O[C@H]2OC(CO)C(O)C(O)C2O)C(O)C1O
abrusoside C,CC1=CC[C@H](C(C)[C@H]2CC[C@@]3(C)[C@H]4CC[C@H]5[C@@](C)(C(=O)O)C(O[C@H]6OC(CO)C(O)C(O)C6O[C@H]6OC(CO)C(O)C(O)C6O)CC[C@@]56C[C@]46CC[C@@]23C)OC1=O
abrusoside D,CC1=CC[C@H](C(C)[C@H]2CC[C@@]3(C)[C@H]4CC[C@H]5[C@@](C)(C(=O)O)C(O[C@H]6OC(C(=O)O)C(O)C(O)C6O[C@H]6OC(CO)C(O)C(O)C6O)CC[C@@]56C[C@]46CC[C@@]23C)OC1=O
acesulfame potassium_CH3CH2CH2_CH3,CCCC1=C(C)OS(=O)(=O)NC1=O
acesulfame potassium_CH3CH2_CH3,CCC1=C(C)OS(=O)(=O)NC1=O
acesulfame potassium_CH3CH2_H,CCC1=COS(=O)(=O)NC1=O
acesulfame potassium_CH3_CH3,CC1=C(C)C(=O)NS(=O)(=O)O1
acesulfame potassium_CH3_H,CC1=COS(=O)(=O)NC1=O
acesulfame potassium_H_CH3,CC1=CC(=O)NS(=O)(=O)O1
acesulfame potassium_H_CH3CH2,CCC1=CC(=O)NS(=O)(=O)O1
acesulfame potassium_H_H,O=C1C=COS(=O)(=O)N1
albiziasaponin B,CC1(C)CC2C3=CCC4[C@@]5(C)CCC(OC6OC(COC7OCC(O)C(O)C7O)C(O)C(O)C6OC6OC(CO)C(O)C(O)C6O)C(C)(C)C5CC[C@@]4(C)[C@@]3(C)CC(O)[C@]23CC1OC3=O
arabinose,O=CC(O)C(O)C(O)CO
asp 1,NC(CC(=O)O)C(=O)NCCc1ccc(F)cc1
asp 10,CCCCCC(C)NC(=O)C(N)CC(=O)O
asp 100,CCC(=O)OCC(CC)NC(=O)C(N)CC(=O)O
asp 101,CCC(COC(=O)C(C)C)NC(=O)C(N)CC(=O)O
asp 102,CCC(COC(=O)C1CC1)NC(=O)C(N)CC(=O)O
asp 103,CCC(COC(=O)C1CCC1)NC(=O)C(N)CC(=O)O
asp 104,CC(=O)OCC(NC(=O)C(N)CC(=O)O)C(C)O
asp 105,CCC(=O)OCC(NC(=O)C(N)CC(=O)O)C(C)O
asp 106,CC(=O)OCC(NC(=O)C(N)CC(=O)O)C(C)C
asp 107,CCC(=O)OCC(NC(=O)C(N)CC(=O)O)C(C)C
asp 108,CC(C)C(=O)OCC(NC(=O)C(N)CC(=O)O)C(C)C
asp 109,CC(C)C(COC(=O)C1CC1)NC(=O)C(N)CC(=O)O
asp 11,CC(C)CCC(C)NC(=O)C(N)CC(=O)O
asp 110,CC(C)C(COC(=O)C1CCC1)NC(=O)C(N)CC(=O)O
asp 112,CCCC(COC(C)=O)NC(=O)C(N)CC(=O)O
asp 122,COC(=O)C(COC(C)=O)NC(=O)C(N)CC(=O)O
asp 123,CCC(=O)OCC(NC(=O)C(N)CC(=O)O)C(=O)OC
asp 124,CCCC(=O)OCC(NC(=O)C(N)CC(=O)O)C(=O)OC
asp 125,COC(=O)C(COC(=O)C(C)C)NC(=O)C(N)CC(=O)O
asp 126,COC(=O)C(COC(=O)C(C)(C)C)NC(=O)C(N)CC(=O)O
asp 128,CCOC(=O)CC(C)NC(=O)C(N)CC(=O)O
asp 129,CC(CC(=O)OC(C)C)NC(=O)C(N)CC(=O)O
asp 130,CCC(C)OC(=O)CC(C)NC(=O)C(N)CC(=O)O
asp 131,CC(CC(=O)OC(C)(C)C)NC(=O)C(N)CC(=O)O
asp 132,CC(CC(=O)OC1CCCCC1)NC(=O)C(N)CC(=O)O
asp 134,CCC(C)OC(=O)CCNC(=O)C(N)CC(=O)O
asp 135,CC(C)(C)OC(=O)CCNC(=O)C(N)CC(=O)O
asp 136,CCC(CC)OC(=O)CCNC(=O)C(N)CC(=O)O
asp 137,CCCC(C)OC(=O)CCNC(=O)C(N)CC(=O)O
asp 138,NC(CC(=O)O)C(=O)NCCC(=O)OC1CCCC1
asp 139,NC(CC(=O)O)C(=O)NCCC(=O)OC1CCCCC1
asp 14,CCOCCC(C)NC(=O)C(N)CC(=O)O
asp 140,CC(C)OC(=O)C(C)CNC(=O)C(N)CC(=O)O
asp 141,CC(CNC(=O)C(N)CC(=O)O)C(=O)OC(C)(C)C
asp 142,CC(CNC(=O)C(N)CC(=O)O)C(=O)OC1CCCC1
asp 143,CC(CNC(=O)C(N)CC(=O)O)C(=O)OC1CCCCC1
asp 15,CCCCCCC(C)NC(=O)C(N)CC(=O)O
asp 153,COC(=O)CC(C)NC(=O)C(N)CC(=O)O
asp 154,COC(=O)CCNC(=O)C(N)CC(=O)O
asp 155,CC(C)OC(=O)CCNC(=O)C(N)CC(=O)O
asp 156,CCOC(=O)CC(NC(=O)C(N)CC(=O)O)C(=O)OC
asp 157,COC(=O)C(CC(=O)OC(C)(C)C)NC(=O)C(N)CC(=O)O
asp 159,CCC(NC(=O)C(N)CC(=O)O)C(=O)OC
asp 16,CCC(Cc1ccccc1)NC(=O)C(N)CC(=O)O
asp 160,COC(=O)C(CO)NC(=O)C(N)CC(=O)O
asp 161,CCOC(=O)C(CO)NC(=O)C(N)CC(=O)O
asp 163,CC(C)OC(=O)C(CO)NC(=O)C(N)CC(=O)O
asp 164,CCCCOC(=O)C(CO)NC(=O)C(N)CC(=O)O
asp 165,CC(C)COC(=O)C(CO)NC(=O)C(N)CC(=O)O
asp 166,NC(CC(=O)O)C(=O)NC(CO)C(=O)OC1CCCCC1
asp 167,COC(=O)C(NC(=O)C(N)CC(=O)O)C(C)O
asp 168,CCOC(=O)C(NC(=O)C(N)CC(=O)O)C(C)O
asp 169,CCCOC(=O)C(NC(=O)C(N)CC(=O)O)C(C)O
asp 17,CC(C)(Cc1ccccc1)NC(=O)C(N)CC(=O)O
asp 170,CC(C)OC(=O)C(NC(=O)C(N)CC(=O)O)C(C)O
asp 171,CCCCOC(=O)C(NC(=O)C(N)CC(=O)O)C(C)O
asp 172,CC(C)COC(=O)C(NC(=O)C(N)CC(=O)O)C(C)O
asp 173,CC(O)C(NC(=O)C(N)CC(=O)O)C(=O)OC1CCCCC1
asp 18,CCCCCC(C)C(C)NC(=O)C(N)CC(=O)O
asp 181,CCCOC(=O)C(CC)NC(=O)C(N)CC(=O)O
asp 182,COC(=O)CNC(=O)C(N)CC(=O)O
asp 183,CCCOC(=O)CNC(=O)C(N)CC(=O)O
asp 184,NC(CC(=O)O)C(=O)NCC(=O)OC1CCCCC1
asp 185,CCCOC(=O)C(CCC)NC(=O)C(N)CC(=O)O
asp 186,COC(=O)C(C)NC(=O)C(N)CC(=O)O
asp 187,CCOC(=O)C(C)NC(=O)C(N)CC(=O)O
asp 188,CCCOC(=O)C(C)NC(=O)C(N)CC(=O)O
asp 189,CC(C)OC(=O)C(C)NC(=O)C(N)CC(=O)O
asp 19,COC(=O)C(Cc1ccccc1)NC(=O)C(N)CC(=O)O
asp 190,CCCCOC(=O)C(C)NC(=O)C(N)CC(=O)O
asp 191,CCCCCOC(=O)C(C)NC(=O)C(N)CC(=O)O
asp 192,CCC(NC(=O)C(N)CC(=O)O)C(=O)OC(C)C
asp 193,CC(C)OC(=O)C(NC(=O)C(N)CC(=O)O)C(C)C
asp 194,CCCC(NC(=O)C(N)CC(=O)O)C(=O)OC(C)C
asp 197,COC(=O)C(NC(=O)C(N)CC(=O)O)C(=O)OC(C)(C)C
asp 198,CCC(CC)OC(=O)C(NC(=O)C(N)CC(=O)O)C(=O)OC
asp 2,NC(CC(=O)O)C(=O)NCCC1CCCCC1
asp 200,COC(=O)C(NC(=O)C(N)CC(=O)O)C(=O)OC1CCCC1
asp 201,COC(=O)C(NC(=O)C(N)CC(=O)O)C(=O)OC1CCCCC1
asp 204,COC(=O)C(NC(=O)C(N)CC(=O)O)C(=O)OC1CCCC(C)C1
asp 207,COC(=O)C(NC(=O)C(N)CC(=O)O)C(=O)OC1CC(C)CC(C)(C)C1
asp 208,COC(=O)C(NC(=O)C(N)CC(=O)O)C(=O)OC(=O)OC1CC2CC[C@]1(C)C2(C)C
asp 21,CCCCC(NC(=O)C(N)CC(=O)O)C(=O)OC
asp 211,CCOC(=O)C(NC(=O)C(N)CC(=O)O)C(=O)OC(C)(C)C
asp 212,CCOC(=O)C(NC(=O)C(N)CC(=O)O)C(=O)OC1CCCC1
asp 213,CCOC(=O)C(NC(=O)C(N)CC(=O)O)C(=O)OC1CCCCC1
asp 214,CCOC(=O)C(NC(=O)C(N)CC(=O)O)C(=O)OC1CCCCC1C
asp 215,CCOC(=O)C(NC(=O)C(N)CC(=O)O)C(=O)OC(=O)OC1CC2CC[C@]1(C)C2(C)C
asp 22,COC(=O)C(CCC(C)C)NC(=O)C(N)CC(=O)O
asp 23,CCCCCC(NC(=O)C(N)CC(=O)O)C(=O)OC
asp 24,CCCCCCC(NC(=O)C(N)CC(=O)O)C(=O)OC
asp 3,CC(Cc1ccccc1)NC(=O)C(N)CC(=O)O
asp 4,Cc1ccc(CC(C)NC(=O)C(N)CC(=O)O)cc1
asp 5,CC(COc1ccccc1)NC(=O)C(N)CC(=O)O
asp 52,COC(=O)C(CCCCNOC(C)=O)NC(=O)C(N)CC(=O)O
asp 53,COC(=O)C(CCCNOC(C)=O)NC(=O)C(N)CC(=O)O
asp 55,COC(=O)C(C)CC(NC(=O)C(N)CC(=O)O)C(=O)OC
asp 56,CCCC(O)C(NC(=O)C(N)CC(=O)O)C(=O)OC
asp 58,COC(=O)CCCNC(=O)C(N)CC(=O)O
asp 6,CC(Cc1ccc(F)cc1)NC(=O)C(N)CC(=O)O
asp 60,CCSCC(NC(=O)C(N)CC(=O)O)C(=O)OC
asp 61,CCCSCC(NC(=O)C(N)CC(=O)O)C(=O)OC
asp 62,COC(=O)C(CSC(C)C)NC(=O)C(N)CC(=O)O
asp 63,COC(=O)C(CSC(C)(C)C)NC(=O)C(N)CC(=O)O
asp 64,COC(=O)C(COC(C)(C)C)NC(=O)C(N)CC(=O)O
asp 65,COC(=O)C(Cc1ccc(O)cc1)NC(=O)C(N)CC(=O)O
asp 66,COC(=O)CCC(NC(=O)C(N)CC(=O)O)C(=O)OC
asp 67,CC(=O)OCCNC(=O)C(N)CC(=O)O
asp 68,CCC(=O)OCCNC(=O)C(N)CC(=O)O
asp 69,CCCC(=O)OCCNC(=O)C(N)CC(=O)O
asp 7,CC(Cc1ccco1)NC(=O)C(N)CC(=O)O
asp 70,CC(C)C(=O)OCCNC(=O)C(N)CC(=O)O
asp 71,NC(CC(=O)O)C(=O)NCCOC(=O)C1CC1
asp 72,NC(CC(=O)O)C(=O)NCCOC(=O)C1CCC1
asp 73,CC(C)CC(=O)OCCNC(=O)C(N)CC(=O)O
asp 74,CC(=O)OCC(C)NC(=O)C(N)CC(=O)O
asp 75,CCC(=O)OCC(C)NC(=O)C(N)CC(=O)O
asp 76,C=CC(=O)OCC(C)NC(=O)C(N)CC(=O)O
asp 77,CCCC(=O)OCC(C)NC(=O)C(N)CC(=O)O
asp 78,CC(COC(=O)C(C)C)NC(=O)C(N)CC(=O)O
asp 79,C=C(C)C(=O)OCC(C)NC(=O)C(N)CC(=O)O
asp 80,CC(COC(=O)C1CC1)NC(=O)C(N)CC(=O)O
asp 81,CCCCC(=O)OCC(C)NC(=O)C(N)CC(=O)O
asp 82,CCC(C)C(=O)OCC(C)NC(=O)C(N)CC(=O)O
asp 83,CC(C)CC(=O)OCC(C)NC(=O)C(N)CC(=O)O
asp 84,CC(COC(=O)C(C)(C)C)NC(=O)C(N)CC(=O)O
asp 85,CC(COC(=O)C1CC1C)NC(=O)C(N)CC(=O)O
asp 86,CC(COC(=O)C1CCC1)NC(=O)C(N)CC(=O)O
asp 87,CCC(CC)C(=O)OCC(C)NC(=O)C(N)CC(=O)O
asp 88,CC(COC(=O)C1CCC1C)NC(=O)C(N)CC(=O)O
asp 89,CC(COC(=O)C1CCCC1)NC(=O)C(N)CC(=O)O
asp 9,CCCCC(C)NC(=O)C(N)CC(=O)O
asp 90,CC(=O)OCC(CO)NC(=O)C(N)CC(=O)O
asp 91,CCC(=O)OCC(CO)NC(=O)C(N)CC(=O)O
asp 92,NC(CC(=O)O)C(=O)NC(CO)COC(=O)C1CC1
asp 93,CC(C)C(=O)OCC(CO)NC(=O)C(N)CC(=O)O
asp 94,CCCC(=O)OCC(CO)NC(=O)C(N)CC(=O)O
asp 95,NC(CC(=O)O)C(=O)NC(CO)COC(=O)C1CCC1
asp 96,CC(C)CC(=O)OCC(CO)NC(=O)C(N)CC(=O)O
asp 97,CCC(C)C(=O)OCC(CO)NC(=O)C(N)CC(=O)O
asp 98,NC(CC(=O)O)C(=O)NC(CO)COC(=O)C1CCCC1
asp 99,CCC(COC(C)=O)NC(=O)C(N)CC(=O)O
baiyunoside,CC1=C(CCc2ccoc2)[C@]2(C)CCC(O[C@@H]3OC(CO)C(O)C(O)C3O[C@@H]3OCC(O)C(O)C3O)C(C)(C)[C@H]2CC1
benzenepropanoic acid,NC(=O)c1c(Br)cc(Br)c(CCC(=O)O)c1Br
bernardame,Cc1cccc(CN/C(=N\c2ccc(C#N)cc2)NCC(=O)O)c1
cyclamate,O=S(=O)(O)NC1CCCCC1
cyclocarioside A,CC(=O)OCC1OC(OC2CC[C@@]3(C)C(CC[C@]4(C)C3CC(OC3OC(C)C(O)C(O)C3O)C3C([C@@]5(C)CCC(C(C)(C)O)O5)CC[C@@]34C)C2(C)C)C(O)C1O
dulcin,CCOc1ccc(NC(N)=O)cc1
dulcoside A,C=C1C[C@@]23CCC4[C@@](C)(CCC[C@@]4(C)C(=O)OC4OC(CO)C(O)C(O)C4O)C2CC[C@@]1(OC1OC(CO)C(O)C(O)C1OC1OC(C)C(O)C(O)C1O)C3
erythritol,OCC(O)C(O)CO
fucose,CC(O)C(O)C(O)C(O)C=O
galactitol,OCC(O)C(O)C(O)C(O)CO
galactose,O=CC(O)C(O)C(O)C(O)CO
gaudichaudioside A,C/C(=C\CO)CCC1=C(C=O)CC(OC2OCC(O)C(O)C2O)C2[C@@](C)(CO)CCC[C@@]12C
glycyrrhizin,CC1(C)C(O[C@@H]2OC(C(=O)O)C(O)C(O)C2O[C@@H]2OC(C(=O)O)C(O)C(O)C2O)CC[C@@]2(C)[C@H]1CC[C@@]1(C)[C@@H]2C(=O)C=C2[C@@H]3C[C@@](C)(C(=O)O)CC[C@@]3(C)CC[C@@]21C
hematoxylin,Oc1cc2c(cc1O)[C@@H]1c3ccc(O)c(O)c3OC[C@@]1(O)C2
hesperinin glucoside DHC,COc1ccc(CCC(=O)c2c(O)cc(OC3OC(CO)C(O)C(O)C3O)cc2O)cc1O
homoeohesperidin DHC,CCOc1ccc(CCC(=O)c2c(O)cc(OC3OC(CO)C(O)C(O)C3O[C@H]3OC(C)C(O)C(O)C3O)cc2O)cc1O
isomalt,OCC(O)C(O)C(O)C(O)COC1OC(CO)C(O)C(O)C1O
isomaltulose,O=C(CO)C(O)C(O)C(O)COC1OC(CO)C(O)C(O)C1O
isovanillic 1,COc1ccc(C2COc3ccccc3C2)cc1O
isovanillic 10,COc1ccc(C2CCc3ccccc3S2)cc1O
isovanillic 11,COc1ccc(C2SCc3ccccc3S2)cc1O
isovanillic 12,COc1ccc(C2CSc3ccccc3S2)cc1O
isovanillic 15,Oc1ccc(C2OCc3ccccc3S2)cc1O
isovanillic 16,Oc1cccc(C2OCc3ccccc3S2)c1
isovanillic 17,COc1ccc(C2CS(=O)(=O)c3ccccc3O2)cc1O
isovanillic 18,COc1ccc(C(O)Oc2ccccc2)cc1O
isovanillic 19,COc1ccc(C2CSc3cc(O)ccc3O2)cc1O
isovanillic 2,COc1ccc(C2Cc3ccccc3CO2)cc1O
isovanillic 20,COc1ccc(CCC(=O)c2c(O)cc(O)cc2O)cc1O
isovanillic 21,COc1ccc(CCC(=O)c2cccc(C(=O)O)c2)cc1O
isovanillic 22,COc1ccc(C2Sc3ccccc3S2)cc1O
isovanillic 23,COc1ccc(C2Oc3ccccc3S2)cc1O
isovanillic 24,Oc1cc2c(cc1O)C1c3ccc(O)c(O)c3OC[C@@]1(O)O2
isovanillic 25,COc1ccc2c(c1)O[C@]1(O)COc3ccccc3C21
isovanillic 26,COc1cc2c(cc1O)C1CC[C@]3(C)CCCC3C1CC2
isovanillic 3,COc1ccc(C2CCc3ccccc3O2)cc1O
isovanillic 4,COc1ccc(C2COc3ccccc3O2)cc1O
isovanillic 6,COc1ccc(C2Oc3ccccc3CS2)cc1O
isovanillic 7,COc1ccc(C2CSc3ccccc3O2)cc1O
isovanillic 9,COc1ccc(C2COc3ccccc3S2)cc1O
lactitol,OCC(O)C(O)[C@H](OC1OC(CO)C(O)C(O)C1O)C(O)CO
lactose,O=CC(O)C(O)[C@H](OC1OC(CO)C(O)C(O)C1O)C(O)CO
lactulose,O=C(CO)C(O)[C@H](OC1OC(CO)C(O)C(O)C1O)C(O)CO
leucrose,O=C(CO)C(O)C(O)C(CO)OC1OC(CO)C(O)C(O)C1O
lugduname,N#Cc1ccc(N/C(=N/Cc2cccc3c2OCO3)NCC(=O)O)cc1
mannose,OCC1OC(O)C(O)C(O)C1O
mogroside II,CC(CCC(OC1OC(CO)C(O)C(O)C1O)C(C)(C)O)[C@H]1CC[C@@]2(C)[C@@H]3CC=C4[C@H](CCC(O[C@H]5OC(CO)C(O)C(O)C5O)C4(C)C)[C@]3(C)C(O)C[C@@]12C
mogroside IV,CC(CCC(OC1OC(CO)C(O)C(O)C1OC1OC(CO)C(O)C(O)C1O)C(C)(C)O)C1CCC2(C)C3CC=C4C(CCC(OC5OC(COC6OC(CO)C(O)C(O)C6O)C(O)C(O)C5O)C4(C)C)C3(C)C(O)CC12C
mogroside V,C[C@H](CC[C@@H](O[C@@H]1O[C@H](CO[C@@H]2O[C@H](CO)[C@@H](O)[C@H](O)[C@H]2O)[C@@H](O)[C@H](O)[C@H]1O[C@@H]1O[C@H](CO)[C@@H](O)[C@H](O)[C@H]1O)C(C)(C)O)[C@H]1CC[C@@]2(C)[C@@H]3CC=C4[C@@H](CC[C@H](O[C@@H]5O[C@H](CO[C@@H]6O[C@H](CO)[C@@H](O)[C@H](O)[C@H]6O)[C@@H](O)[C@H](O)[C@H]5O)C4(C)C)[C@]3(C)[C@H](O)C[C@]12C
naringin DHC,CC1OC(OC2C(Oc3cc(O)c(C(=O)CCc4ccc(O)cc4)c(O)c3)OC(CO)C(O)C2O)C(O)C(O)C1O
neoeriocitrin DHC,CC1O[C@H](OC2C(Oc3cc(O)c(C(=O)CCc4ccc(O)c(O)c4)c(O)c3)OC(CO)C(O)C2O)C(O)C(O)C1O
neohesperidin DHC,COc1ccc(CCC(=O)c2c(O)cc(OC3OC(CO)C(O)C(O)C3O[C@H]3OC(C)C(O)C(O)C3O)cc2O)cc1O
neotame,COC(=O)C(Cc1ccccc1)NC(=O)C(CC(=O)O)NCCC(C)(C)C
osladin,CC1CCC(C(C)C2CCC3C4CC(=O)C5CC(OC6OC(CO)C(O)C(O)C6OC6OC(C)C(O)C(O)C6O)CC[C@]5(C)C4CC[C@@]23C)OC1OC1OC(C)C(O)C(O)C1O
phyllodulcin_1,COc1ccc(C2Cc3cccc(O)c3C(=O)O2)cc1O
phyllodulcin_11,COc1ccc(NCc2ccccc2)cc1O
phyllodulcin_2,COc1ccc(C2Cc3ccccc3C(=O)O2)cc1O
phyllodulcin_4,COc1ccc(C2CC(=O)c3c(O)cccc3O2)cc1O
phyllodulcin_5,CCOc1ccc(C2CC(=O)c3c(O)cccc3O2)cc1O
phyllodulcin_6,COc1ccc(C2OC(=O)c3ccccc3O2)cc1O
phyllodulcin_7,COc1ccc(C2OC(=O)c3ccccc3S2)cc1O
phyllodulcin_8,COc1ccc(CCc2ccccc2)cc1O
polypodoside A,CC1CC[C@H](C(C)[C@H]2CC[C@@H]3C4=CC(=O)[C@H]5CC(O[C@H]6OC(CO)C(O)C(O)C6O[C@H]6OC(C)C(O)C(O)C6O)CC[C@]5(C)[C@@H]4CC[C@]32C)OC1O[C@H]1OC(C)C(O)C(O)C1O
prunin DHC,O=C(CCc1ccc(O)cc1)c1c(O)cc(OC2OC(CO)C(O)C(O)C2O)cc1O
psicose,OC[C@]1(O)OCC(O)C(O)C1O
pterocaryoside A,C=C(C)C1CC[C@]2(C)[C@H](CC(O[C@@H]3OC(C)C(O)C(O)C3O)[C@H]3[C@H]([C@](C)(O)C/C=C/C(C)(C)O)CC[C@]32C)[C@]1(C)CCC(=O)O
pterocaryoside B,C=C(C)C1CC[C@]2(C)[C@@H](CC(O[C@@H]3OCC(O)C(O)C3O)[C@H]3[C@@H]([C@@](C)(O)C/C=C/C(C)(C)O)CC[C@@]32C)[C@]1(C)CCC(=O)O
raffinose,OCC1OC(OCC2OC(O[C@]3(CO)OC(CO)C(O)C3O)C(O)C(O)C2O)C(O)C(O)C1O
rebaudioside A,C=C1C[C@@]23CC[C@H]4[C@@](C)(CCC[C@@]4(C)C(=O)O[C@@H]4O[C@H](CO)[C@@H](O)[C@H](O)[C@H]4O)[C@@H]2CC[C@]1(O[C@@H]1O[C@H](CO)[C@@H](O)[C@H](O[C@@H]2O[C@H](CO)[C@@H](O)[C@H](O)[C@H]2O)[C@H]1O[C@@H]1O[C@H](CO)[C@@H](O)[C@H](O)[C@H]1O)C3
rebaudioside B,C=C1C[C@]23CC[C@@H]4[C@@](C)(C(=O)O)CCC[C@@]4(C)[C@H]2CC[C@]1(O[C@@H]1OC(CO)C(O)C(O[C@H]2OC(CO)C(O)C(O)C2O)C1O[C@H]1OC(CO)C(O)C(O)C1O)C3
rebaudioside C,C=C1C[C@@]23CC[C@H]4[C@@](C)(CCC[C@@]4(C)C(=O)O[C@@H]4O[C@H](CO)[C@@H](O)[C@H](O)[C@H]4O)[C@@H]2CC[C@]1(O[C@@H]1O[C@H](CO)[C@@H](O)[C@H](O[C@@H]2O[C@H](CO)[C@@H](O)[C@H](O)[C@H]2O)[C@H]1O[C@@H]1O[C@@H](C)[C@H](O)[C@@H](O)[C@H]1O)C3
rebaudioside D,C=C1C[C@@]23CC[C@H]4[C@@](C)(CCC[C@@]4(C)C(=O)O[C@@H]4O[C@H](CO)[C@@H](O)[C@H](O)[C@H]4O[C@@H]4O[C@H](CO)[C@@H](O)[C@H](O)[C@H]4O)[C@@H]2CC[C@]1(O[C@@H]1O[C@H](CO)[C@@H](O)[C@H](O[C@@H]2O[C@H](CO)[C@@H](O)[C@H](O)[C@H]2O)[C@H]1O[C@@H]1O[C@H](CO)[C@@H](O)[C@H](O)[C@H]1O)C3
rebaudioside E,C=C1C[C@@]23CCC4[C@@](C)(C(=O)OC5OC(CO)C(O)C(O)C5OC5OC(CO)C(O)C(O)C5O)CCC[C@@]4(C)C2CC[C@]1(OC1OC(CO)C(O)C(O)C1OC1OC(CO)C(O)C(O)C1O)C3
rebaudioside F,C=C1C[C@]23CC[C@H]4[C](C(=O)OC5OC(CO)C(O)C(O)C5O)CCC[C@@]4(C)[C@@H]2CC[C@@]1(O[C@H]1OC(CO)C(O)C(O[C@H]2OC(CO)C(O)C(O)C2O)C1O[C@H]1OCC(O)C(O)C1O)C3
rhamnose,CC1OC(O)C(O)C(O)C1O
rubusoside,C=C1C[C@@]23CC[C@H]4[C@@](C)(C(=O)OC5OC(CO)C(O)C(O)C5O)CCC[C@@]4(C)[C@@H]2CC[C@@]1(O[C@@H]1OC(CO)C(O)C(O)C1O)C3
saccharin,O=C1NS(=O)(=O)c2ccccc21
selligueain A,Oc1ccc(C2Oc3c(c(O)cc(O)c3C3c4c(O)cc5c(c4OC(c4ccc(O)cc4)C3O)[C@@H]3c4c(O)cc(O)cc4O[C@@](c4ccc(O)cc4)(O5)[C@H]3O)CC2O)cc1
siamenoside I,C[C@H](CC[C@@H](O[C@@H]1O[C@H](CO[C@@H]2O[C@H](CO)[C@@H](O)[C@H](O)[C@H]2O)[C@@H](O)[C@H](O)[C@H]1O[C@@H]1O[C@H](CO)[C@@H](O)[C@H](O)[C@H]1O)C(C)(C)O)[C@H]1CC[C@@]2(C)[C@@H]3CC=C4[C@@H](CC[C@H](O[C@@H]5O[C@H](CO)[C@@H](O)[C@H](O)[C@H]5O)C4(C)C)[C@]3(C)[C@H](O)C[C@]12C
stachyose,OCC1OC(OCC2OC(OCC3OC(O[C@]4(CO)OC(CO)C(O)C4O)C(O)C(O)C3O)C(O)C(O)C2O)C(O)C(O)C1O
steviolbioside,C=C1C[C@]23CC[C@@H]4[C@@](C)(CCC[C@@]4(C)C(=O)O)[C@@H]2CC[C@@]1(O[C@H]1OC(CO)C(O)C(O)C1O[C@@H]1OC(CO)C(O)C(O)C1O)C3
stevioside,C=C1C[C@@]23CC[C@H]4[C@@](C)(C(=O)OC5OC(CO)C(O)C(O)C5O)CCC[C@@]4(C)[C@H]2CC[C@@]1(O[C@@H]1OC(CO)C(O)C(O)C1O[C@H]1OC(CO)C(O)C(O)C1O)C3
sucrononic acid,N#Cc1ccc(/N=C(\NCC(=O)O)NC2CCCCCCCC2)cc1
superaspartame,COC(=O)C(Cc1ccccc1)NC(=O)C(CC(=O)O)NC(=O)Nc1ccc(C#N)cc1
taxifolin 3-acetate,CC(=O)OC1C(=O)c2c(O)cc(O)cc2OC1c1ccc(O)c(O)c1
trans-anethole,C/C=C/c1ccc(OC)cc1
trans-cinnamaldehyde,O=C/C=C/c1ccccc1
trehalose,OCC1OC(O[C@H]2OC(CO)C(O)C(O)C2O)C(O)C(O)C1O
tryptophan,NC(Cc1c[nH]c2ccccc12)C(=O)O
xylitol,OCC(O)C(O)C(O)CO
xylobiose,OC1COC(OC2COC(O)C(O)C2O)C(O)C1O
4-Hydroxy glycosides DHC,CC1OC(OC2C(Oc3cc(O)c(C(=O)CCc4ccc(O)c(O)c4)c(O)c3)OC(CO)C(O)C2O)C(O)C(O)C1O
D-trehalose,OCC1OC(OC2OC(CO)C(O)C(O)C2O)C(O)C(O)C1O
Hernandulcin,CC(C)=CCC[C@](C)(O)[C@H]1CCC(C)=CC1=O
Lactulose,OCC1OC(OC2C(CO)O[C@](O)(CO)C2O)C(O)C(O)C1O
Perillartine,C=C(C)C1CC=C(/C=N/O)CC1
Polypodosides A,CC1CCC(C(C)C2CCC3C4CC(=O)C5CC(OC6OC(CO)C(O)C(O)C6OC6OC(C)C(O)C(O)C6O)CC[C@]5(C)C4CC[C@]23C)OC1OC1OC(C)C(O)C(O)C1O
Rubusoside,C=C1C[C@]23CC[C@@H]4[C@@](C)(CCC[C@@]4(C)C(=O)OC4OC(CO)C(O)C(O)C4O)[C@@H]2CC[C@@]1(O[C@@H]1OC(CO)C(O)C(O)C1O)C3
Siamenoside I,CC(CCC(OC1OC(COC2OC(CO)C(O)C(O)C2O)C(O)C(O)C1O[C@H]1OC(CO)C(O)C(O)C1O)C(C)(C)O)[C@@H]1CC[C@]2(C)[C@@H]3CC=C4[C@@H](CCC(O[C@H]5OC(CO)C(O)C(O)C5O)C4(C)C)[C@]3(C)C(O)C[C@@]12C
baiyunoside,CC1=C(CCc2ccoc2)[C@]2(C)CCC(O[C@H]3OC(CO)C(O)C(O)C3O[C@@H]3OCC(O)C(O)C3O)C(C)(C)[C@H]2CC1
dulcoside A,C=C1C[C@@]23CCC4[C@@](C)(CCC[C@@]4(C)C(=O)OC4OC(CO)C(O)C(O)C4O)C2CC[C@]1(OC1OC(CO)C(O)C(O)C1OC1OC(C)C(O)C(O)C1O)C3
glycyrrhizin,CC1(C)C(O[C@@H]2OC(C(=O)O)C(O)C(O)C2O[C@@H]2OC(C(=O)O)C(O)C(O)C2O)CC[C@]2(C)[C@@H]3C(=O)C=C4[C@H]5C[C@@](C)(C(=O)O)CC[C@]5(C)CC[C@@]4(C)[C@]3(C)CC[C@@H]12
isomaltulose,OCC1OC(OCC2O[C@](O)(CO)C(O)C2O)C(O)C(O)C1O
lactitol,OCC(O)C(O)C(OC1OC(CO)C(O)C(O)C1O)C(O)CO
mogroside II,CC(CCC(OC1OC(COC2OC(CO)C(O)C(O)C2O)C(O)C(O)C1O[C@@H]1OC(CO)C(O)C(O)C1O)C(C)(C)O)[C@@H]1CC[C@@]2(C)[C@H]3CC=C4[C@H](CCC(O[C@H]5OC(COC6OC(CO)C(O)C(O)C6O)C(O)C(O)C5O)C4(C)C)[C@]3(C)C(=O)C[C@@]12C
mogroside IV,CC(CCC(OC1OC(COC2OC(CO)C(O)C(O)C2O)C(O)C(O)C1O)C(C)(C)O)[C@H]1CC[C@]2(C)[C@@H]3CC=C4[C@@H](CCC(O[C@@H]5OC(COC6OC(CO)C(O)C(O)C6O)C(O)C(O)C5O)C4(C)C)[C@@]3(C)C(O)C[C@]12C
mogroside V,CC(CCC(OC1OC(COC2OC(CO)C(O)C(O)C2O)C(O)C(O)C1O[C@H]1OC(CO)C(O)C(O)C1O)C(C)(C)O)[C@@H]1CC[C@]2(C)[C@@H]3CC=C4[C@H](CCC(O[C@@H]5OC(COC6OC(CO)C(O)C(O)C6O)C(O)C(O)C5O)C4(C)C)[C@@]3(C)C(O)C[C@]12C
osladin,CC1CCC(C(C)C2CCC3C4CC(=O)C5CC(OC6OC(CO)C(O)C(O)C6OC6OC(C)C(O)C(O)C6O)CC[C@@]5(C)C4CC[C@@]23C)OC1OC1OC(C)C(O)C(O)C1O
rebaudioside B,C=C1C[C@@]23CC[C@H]4[C@](C)(C(=O)O)CCC[C@]4(C)[C@@H]2CC[C@]1(O[C@H]1OC(CO)C(O)C(O[C@H]2OC(CO)C(O)C(O)C2O)C1O[C@H]1OC(CO)C(O)C(O)C1O)C3
rebaudioside E,C=C1C[C@@]23CCC4[C@](C)(C(=O)OC5OC(CO)C(O)C(O)C5OC5OC(CO)C(O)C(O)C5O)CCC[C@]4(C)C2CC[C@]1(OC1OC(CO)C(O)C(O)C1OC1OC(CO)C(O)C(O)C1O)C3
rebaudioside F,C=C1C[C@]23CC[C@@H]4[C@@](C)(CCC[C@@]4(C)C(=O)OC4OC(CO)C(O)C(O)C4O)[C@@H]2CC[C@@]1(O[C@H]1OC(CO)C(O)C(O[C@H]2OC(CO)C(O)C(O)C2O)C1O[C@H]1OCC(O)C(O)C1O)C3
steviolbioside,C=C1C[C@]23CC[C@@H]4[C@@](C)(C(=O)O)CCC[C@@]4(C)[C@H]2CC[C@@]1(O[C@H]1OC(CO)C(O)C(O)C1O[C@@H]1OC(CO)C(O)C(O)C1O)C3
stevioside,C=C1C[C@@]23CC[C@@H]4[C@@](C)(C(=O)OC5OC(CO)C(O)C(O)C5O)CCC[C@@]4(C)[C@H]2CC[C@]1(O[C@H]1OC(CO)C(O)C(O)C1O[C@H]1OC(CO)C(O)C(O)C1O)C3
?-D-lactose,OCC1OC(OC2C(CO)OC(O)C(O)C2O)C(O)C(O)C1O
?-D-fructose,OCC1O[C@](O)(CO)C(O)C1O
sodium propylsulfamate,CCCNS(=O)(=O)O[Na]
sodium butylsulfamate,CCCCNS(=O)(=O)O[Na]
sodium (2-methylpropyl)sulfamate,CC(C)CNS(=O)(=O)O[Na]
sodium (3-methylbutyl)sulfamate,CC(C)CCNS(=O)(=O)O[Na]
sodium (2-methylbutyl)sulfamate,CCC(C)CNS(=O)(=O)O[Na]
"sodium (2,2-dimethylpropyl)sulfamate",CC(C)(C)CNS(=O)(=O)O[Na]
sodium cyclopentylsulfamate,O=S(=O)(NC1CCCC1)O[Na]
sodium cyclohexylsulfamate,O=S(=O)(NC1CCCCC1)O[Na]
sodium cycloheptylsulfamate,O=S(=O)(NC1CCCCCC1)O[Na]
sodium cyclooctylsulfamate,O=S(=O)(NC1CCCCCCC1)O[Na]
sodium bicyclo[2.2.1]heptan-2-ylsulfamate,O=S(=O)(NC1CC2CCC1C2)O[Na]
"sodium 1,3-thiazol-2-ylsulfamate",O=S(=O)(Nc1nccs1)O[Na]
sodium (cyclopentylmethyl)sulfamate,O=S(=O)(NCC1CCCC1)O[Na]
"3-amino-4-[(1,3-diethoxy-1,3-dioxopropan-2-yl)amino]-4-oxobutanoic acid",CCOC(=O)C(NC(=O)C(N)CC(=O)O)C(=O)OCC
3-amino-4-[(1-methoxy-1-oxononan-2-yl)amino]-4-oxobutanoic acid,CCCCCCCC(NC(=O)C(N)CC(=O)O)C(=O)OC
3-amino-4-{[4-methoxy-4-oxo-1-(propylsulfanyl)butan-2-yl]amino}-4-oxobutanoic acid,CCCSCC(CC(=O)OC)NC(=O)C(N)CC(=O)O
4-({1-methoxy-1-oxo-3-[(propan-2-yl)sulfanyl]propan-2-yl}amino)-3-methyl-4-oxobutanoic acid,COC(=O)C(CSC(C)C)NC(=O)C(C)CC(=O)O
3-amino-4-{[1-(tert-butylsulfanyl)-4-methoxy-4-oxobutan-2-yl]amino}-4-oxobutanoic acid,COC(=O)CC(CSC(C)(C)C)NC(=O)C(N)CC(=O)O
3-amino-4-[(1-tert-butoxy-4-methoxy-4-oxobutan-2-yl)amino]-4-oxobutanoic acid,COC(=O)CC(COC(C)(C)C)NC(=O)C(N)CC(=O)O
3-amino-4-[(4-methoxy-4-oxo-1-phenoxybutan-2-yl)amino]-4-oxobutanoic acid,COC(=O)CC(COc1ccccc1)NC(=O)C(N)CC(=O)O
"3-amino-4-[(3-hydroxy-1,5-dimethoxy-1,5-dioxopentan-2-yl)amino]-4-oxobutanoic acid",COC(=O)CC(O)C(NC(=O)C(N)CC(=O)O)C(=O)OC
4-(ethylamino)-4-oxo-3-(propylamino)butanoic acidethane (1/1),CCCNC(CC(=O)O)C(=O)NCC
"4-oxo-3,4-bis(propylamino)butanoic acidethane (1/1)",CCCNC(=O)C(CC(=O)O)NCCC
4-(butylamino)-4-oxo-3-(propylamino)butanoic acidethane (1/1),CCCCNC(=O)C(CC(=O)O)NCCC
4-[(2-methylpropyl)amino]-4-oxo-3-(propylamino)butanoic acidethane (1/1),CCCNC(CC(=O)O)C(=O)NCC(C)C
Sucralose,OCC1OC(OC2(CCl)OC(CCl)C(O)C2O)C(O)C(O)C1Cl
Advantame,COC(=O)C(Cc1ccccc1)NC(=O)C(CC(=O)O)NCCCc1ccc(OC)c(O)c1
Thaumatin,CC(=O)Nc1ccc(S(=O)(=O)N2CCN(C3CCCCCC3)CC2)cc1
Maltitol,OC[C@H](O)[C@@H](O)[C@H](O[C@H]1O[C@H](CO)[C@@H](O)[C@H](O)[C@H]1O)[C@H](O)CO
D-Sorbitol,OC[C@H](O)[C@@H](O)[C@H](O)[C@H](O)CO
